molecule,isotope,temperature_K,Q
1,1,296,1.74581289e+02
1,1,321,1.97108813e+02
1,1,346,2.20595970e+02
1,1,371,2.45033706e+02
1,1,396,2.70419338e+02
1,1,421,2.96755478e+02
1,1,446,3.24049409e+02
1,1,471,3.52311957e+02
1,1,496,3.81556737e+02
1,1,521,4.11800133e+02
1,1,546,4.43060519e+02
1,1,571,4.75358080e+02
1,1,596,5.08714554e+02
1,1,621,5.43153229e+02
1,1,646,5.78698813e+02
1,1,671,6.15377008e+02
1,1,696,6.53215104e+02
1,1,721,6.92241428e+02
1,1,746,7.32485592e+02
1,1,771,7.73978277e+02
1,1,796,8.16751477e+02
1,1,821,8.60838218e+02
1,1,846,9.06272765e+02
1,1,871,9.53090210e+02
1,1,896,1.00132693e+03
1,1,921,1.05102121e+03
1,1,946,1.10220953e+03
1,1,971,1.15493385e+03
1,1,996,1.20923242e+03
1,1,1021,1.26514823e+03
1,1,1046,1.32272334e+03
1,1,1071,1.38200038e+03
1,1,1096,1.44302482e+03
1,1,1121,1.50584165e+03
1,1,1146,1.57049580e+03
1,1,1171,1.63703543e+03
1,1,1196,1.70550855e+03
1,1,1221,1.77596283e+03
1,1,1246,1.84844910e+03
1,1,1271,1.92301639e+03
1,1,1296,1.99971745e+03
1,1,1321,2.07860313e+03
1,1,1346,2.15972781e+03
1,1,1371,2.24314335e+03
1,1,1396,2.32890631e+03
1,1,1421,2.41707138e+03
1,1,1446,2.50769415e+03
1,1,1471,2.60083252e+03
1,1,1496,2.69654452e+03
1,1,1521,2.79488900e+03
1,1,1546,2.89592499e+03
1,1,1571,2.99971316e+03
1,1,1596,3.10631644e+03
1,1,1621,3.21579510e+03
1,1,1646,3.32821298e+03
1,1,1671,3.44363425e+03
1,1,1696,3.56212372e+03
1,1,1721,3.68374691e+03
1,1,1746,3.80857094e+03
1,1,1771,3.93666324e+03
1,1,1796,4.06809210e+03
1,1,1821,4.20292673e+03
1,1,1846,4.34123769e+03
1,1,1871,4.48309741e+03
1,1,1896,4.62857572e+03
1,1,1921,4.77774773e+03
1,1,1946,4.93068710e+03
1,1,1971,5.08746802e+03
1,1,1996,5.24816836e+03
1,1,2021,5.41286249e+03
1,1,2046,5.58163157e+03
1,1,2071,5.75455249e+03
1,1,2096,5.93170524e+03
1,1,2121,6.11317157e+03
1,1,2146,6.29903379e+03
1,1,2171,6.48937468e+03
1,1,2196,6.68427736e+03
1,1,2221,6.88382938e+03
1,1,2246,7.08811406e+03
1,1,2271,7.29722090e+03
1,1,2296,7.51123603e+03
1,1,2321,7.73025078e+03
1,1,2346,7.95435490e+03
1,1,2371,8.18364005e+03
1,1,2396,8.41819796e+03
1,1,2400,8.45622300e+03
1,2,296,1.76052414e+02
1,2,321,1.98772487e+02
1,2,346,2.22461436e+02
1,2,371,2.47110339e+02
1,2,396,2.72716700e+02
1,2,421,2.99283603e+02
1,2,446,3.26818485e+02
1,2,471,3.55332425e+02
1,2,496,3.84839682e+02
1,2,521,4.15356801e+02
1,2,546,4.46902471e+02
1,2,571,4.79497208e+02
1,2,596,5.13163274e+02
1,2,621,5.47924160e+02
1,2,646,5.83804694e+02
1,2,671,6.20831093e+02
1,2,696,6.59030546e+02
1,2,721,6.98431685e+02
1,2,746,7.39063948e+02
1,2,771,7.80958194e+02
1,2,796,8.24146012e+02
1,2,821,8.68660261e+02
1,2,846,9.14534757e+02
1,2,871,9.61804202e+02
1,2,896,1.01050464e+03
1,2,921,1.06067235e+03
1,2,946,1.11234441e+03
1,2,971,1.16555978e+03
1,2,996,1.22035852e+03
1,2,1021,1.27677951e+03
1,2,1046,1.33486368e+03
1,2,1071,1.39465381e+03
1,2,1096,1.45619087e+03
1,2,1121,1.51951907e+03
1,2,1146,1.58468234e+03
1,2,1171,1.65172440e+03
1,2,1196,1.72069134e+03
1,2,1221,1.79162893e+03
1,2,1246,1.86458379e+03
1,2,1271,1.93960295e+03
1,2,1296,2.01673478e+03
1,2,1321,2.09602787e+03
1,2,1346,2.17753101e+03
1,2,1371,2.26129451e+03
1,2,1396,2.34736934e+03
1,2,1421,2.43580548e+03
1,2,1446,2.52665631e+03
1,2,1471,2.61997272e+03
1,2,1496,2.71580900e+03
1,2,1521,2.81421843e+03
1,2,1546,2.91525550e+03
1,2,1571,3.01897595e+03
1,2,1596,3.12543381e+03
1,2,1621,3.23468653e+03
1,2,1646,3.34679092e+03
1,2,1671,3.46180509e+03
1,2,1696,3.57978657e+03
1,2,1721,3.70079422e+03
1,2,1746,3.82488949e+03
1,2,1771,3.95212987e+03
1,2,1796,4.08257842e+03
1,2,1821,4.21629729e+03
1,2,1846,4.35334643e+03
1,2,1871,4.49379073e+03
1,2,1896,4.63769442e+03
1,2,1921,4.78512050e+03
1,2,1946,4.93613530e+03
1,2,1971,5.09080376e+03
1,2,1996,5.24919373e+03
1,2,2021,5.41137170e+03
1,2,2046,5.57740522e+03
1,2,2071,5.74736467e+03
1,2,2096,5.92131898e+03
1,2,2121,6.09933870e+03
1,2,2146,6.28149342e+03
1,2,2171,6.46785724e+03
1,2,2196,6.65850080e+03
1,2,2221,6.85349843e+03
1,2,2246,7.05292504e+03
1,2,2271,7.25685358e+03
1,2,2296,7.46536170e+03
1,2,2321,7.67852385e+03
1,2,2346,7.89641950e+03
1,2,2371,8.11912451e+03
1,2,2396,8.34671990e+03
1,2,2400,8.38359400e+03
1,3,296,1.05214456e+03
1,3,321,1.18791750e+03
1,3,346,1.32947702e+03
1,3,371,1.47676627e+03
1,3,396,1.62976942e+03
1,3,421,1.78850172e+03
1,3,446,1.95300402e+03
1,3,471,2.12334034e+03
1,3,496,2.29959104e+03
1,3,521,2.48185314e+03
1,3,546,2.67023452e+03
1,3,571,2.86485414e+03
1,3,596,3.06584202e+03
1,3,621,3.27333438e+03
1,3,646,3.48747885e+03
1,3,671,3.70842760e+03
1,3,696,3.93634290e+03
1,3,721,4.17139305e+03
1,3,746,4.41375125e+03
1,3,771,4.66360217e+03
1,3,796,4.92113166e+03
1,3,821,5.18653689e+03
1,3,846,5.46001786e+03
1,3,871,5.74178226e+03
1,3,896,6.03204318e+03
1,3,921,6.33102018e+03
1,3,946,6.63893642e+03
1,3,971,6.95602340e+03
1,3,996,7.28251450e+03
1,3,1021,7.61865169e+03
1,3,1046,7.96467847e+03
1,3,1071,8.32084549e+03
1,3,1096,8.68740643e+03
1,3,1121,9.06462038e+03
1,3,1146,9.45275229e+03
1,3,1171,9.85206780e+03
1,3,1196,1.02628343e+04
1,3,1221,1.06853390e+04
1,3,1246,1.11198647e+04
1,3,1271,1.15666722e+04
1,3,1296,1.20260754e+04
1,3,1321,1.24983520e+04
1,3,1346,1.29838059e+04
1,3,1371,1.34827297e+04
1,3,1396,1.39954293e+04
1,3,1421,1.45222159e+04
1,3,1446,1.50634033e+04
1,3,1471,1.56193127e+04
1,3,1496,1.61902434e+04
1,3,1521,1.67765401e+04
1,3,1546,1.73785147e+04
1,3,1571,1.79965111e+04
1,3,1596,1.86308535e+04
1,3,1621,1.92818961e+04
1,3,1646,1.99499662e+04
1,3,1671,2.06354262e+04
1,3,1696,2.13386172e+04
1,3,1721,2.20598938e+04
1,3,1746,2.27996267e+04
1,3,1771,2.35581778e+04
1,3,1796,2.43359070e+04
1,3,1821,2.51331912e+04
1,3,1846,2.59504105e+04
1,3,1871,2.67879356e+04
1,3,1896,2.76461655e+04
1,3,1921,2.85254728e+04
1,3,1946,2.94262719e+04
1,3,1971,3.03489525e+04
1,3,1996,3.12939084e+04
1,3,2021,3.22615573e+04
1,3,2046,3.32523081e+04
1,3,2071,3.42665772e+04
1,3,2096,3.53047865e+04
1,3,2121,3.63673560e+04
1,3,2146,3.74547217e+04
1,3,2171,3.85673231e+04
1,3,2196,3.97055830e+04
1,3,2221,4.08699521e+04
1,3,2246,4.20608935e+04
1,3,2271,4.32788418e+04
1,3,2296,4.45242621e+04
1,3,2321,4.57976162e+04
1,3,2346,4.70993695e+04
1,3,2371,4.84299961e+04
1,3,2396,4.97899836e+04
1,3,2400,5.00103400e+04
1,4,296,8.64742398e+02
1,4,321,9.77042987e+02
1,4,346,1.09435009e+03
1,4,371,1.21667690e+03
1,4,396,1.34406966e+03
1,4,421,1.47660004e+03
1,4,446,1.61436402e+03
1,4,471,1.75747359e+03
1,4,496,1.90605646e+03
1,4,521,2.06025457e+03
1,4,546,2.22021879e+03
1,4,571,2.38611373e+03
1,4,596,2.55811027e+03
1,4,621,2.73639016e+03
1,4,646,2.92114202e+03
1,4,671,3.11256446e+03
1,4,696,3.31086038e+03
1,4,721,3.51624420e+03
1,4,746,3.72893526e+03
1,4,771,3.94915951e+03
1,4,796,4.17714974e+03
1,4,821,4.41314768e+03
1,4,846,4.65739819e+03
1,4,871,4.91015477e+03
1,4,896,5.17167657e+03
1,4,921,5.44222883e+03
1,4,946,5.72208181e+03
1,4,971,6.01151367e+03
1,4,996,6.31080688e+03
1,4,1021,6.62025026e+03
1,4,1046,6.94013868e+03
1,4,1071,7.27077241e+03
1,4,1096,7.61245639e+03
1,4,1121,7.96550304e+03
1,4,1146,8.33023010e+03
1,4,1171,8.70695976e+03
1,4,1196,9.09602077e+03
1,4,1221,9.49774750e+03
1,4,1246,9.91247958e+03
1,4,1271,1.03405641e+04
1,4,1296,1.07823479e+04
1,4,1321,1.12381980e+04
1,4,1346,1.17084622e+04
1,4,1371,1.21935204e+04
1,4,1396,1.26937436e+04
1,4,1421,1.32095139e+04
1,4,1446,1.37412127e+04
1,4,1471,1.42892394e+04
1,4,1496,1.48539898e+04
1,4,1521,1.54358594e+04
1,4,1546,1.60352695e+04
1,4,1571,1.66526347e+04
1,4,1596,1.72883674e+04
1,4,1621,1.79428981e+04
1,4,1646,1.86166664e+04
1,4,1671,1.93101109e+04
1,4,1696,2.00236737e+04
1,4,1721,2.07578063e+04
1,4,1746,2.15129717e+04
1,4,1771,2.22896246e+04
1,4,1796,2.30882330e+04
1,4,1821,2.39092794e+04
1,4,1846,2.47532465e+04
1,4,1871,2.56206094e+04
1,4,1896,2.65118685e+04
1,4,1921,2.74275104e+04
1,4,1946,2.83680420e+04
1,4,1971,2.93339810e+04
1,4,1996,3.03258188e+04
1,4,2021,3.13440846e+04
1,4,2046,3.23892985e+04
1,4,2071,3.34619910e+04
1,4,2096,3.45626760e+04
1,4,2121,3.56919132e+04
1,4,2146,3.68502262e+04
1,4,2171,3.80381523e+04
1,4,2196,3.92562506e+04
1,4,2221,4.05050695e+04
1,4,2246,4.17851551e+04
1,4,2271,4.30970653e+04
1,4,2296,4.44413669e+04
1,4,2321,4.58186200e+04
1,4,2346,4.72293905e+04
1,4,2371,4.86742261e+04
1,4,2396,5.01537177e+04
1,4,2400,5.03936900e+04
1,5,296,8.75572587e+02
1,5,321,9.89291810e+02
1,5,346,1.10808705e+03
1,5,371,1.23197684e+03
1,5,396,1.36101024e+03
1,5,421,1.49526677e+03
1,5,446,1.63484916e+03
1,5,471,1.77987732e+03
1,5,496,1.93048683e+03
1,5,521,2.08682763e+03
1,5,546,2.24906086e+03
1,5,571,2.41735749e+03
1,5,596,2.59189839e+03
1,5,621,2.77287199e+03
1,5,646,2.96047699e+03
1,5,671,3.15491857e+03
1,5,696,3.35640896e+03
1,5,721,3.56516673e+03
1,5,746,3.78142054e+03
1,5,771,4.00540256e+03
1,5,796,4.23735143e+03
1,5,821,4.47751426e+03
1,5,846,4.72614172e+03
1,5,871,4.98349171e+03
1,5,896,5.24982751e+03
1,5,921,5.52541770e+03
1,5,946,5.81053629e+03
1,5,971,6.10546192e+03
1,5,996,6.41048025e+03
1,5,1021,6.72587892e+03
1,5,1046,7.05195184e+03
1,5,1071,7.38899837e+03
1,5,1096,7.73732128e+03
1,5,1121,8.09722860e+03
1,5,1146,8.46903148e+03
1,5,1171,8.85304611e+03
1,5,1196,9.24959372e+03
1,5,1221,9.65899711e+03
1,5,1246,1.00815884e+04
1,5,1271,1.05176878e+04
1,5,1296,1.09676494e+04
1,5,1321,1.14318028e+04
1,5,1346,1.19104989e+04
1,5,1371,1.24040732e+04
1,5,1396,1.29128831e+04
1,5,1421,1.34372902e+04
1,5,1446,1.39776394e+04
1,5,1471,1.45342947e+04
1,5,1496,1.51076323e+04
1,5,1521,1.56980171e+04
1,5,1546,1.63058211e+04
1,5,1571,1.69314100e+04
1,5,1596,1.75751674e+04
1,5,1621,1.82374832e+04
1,5,1646,1.89187370e+04
1,5,1671,1.96193188e+04
1,5,1696,2.03396142e+04
1,5,1721,2.10800272e+04
1,5,1746,2.18409425e+04
1,5,1771,2.26227802e+04
1,5,1796,2.34259315e+04
1,5,1821,2.42507974e+04
1,5,1846,2.50978054e+04
1,5,1871,2.59673604e+04
1,5,1896,2.68598797e+04
1,5,1921,2.77757805e+04
1,5,1946,2.87154809e+04
1,5,1971,2.96794182e+04
1,5,1996,3.06680106e+04
1,5,2021,3.16816940e+04
1,5,2046,3.27208998e+04
1,5,2071,3.37860603e+04
1,5,2096,3.48776291e+04
1,5,2121,3.59960373e+04
1,5,2146,3.71417277e+04
1,5,2171,3.83151557e+04
1,5,2196,3.95167743e+04
1,5,2221,4.07470251e+04
1,5,2246,4.20063729e+04
1,5,2271,4.32952797e+04
1,5,2296,4.46141950e+04
1,5,2321,4.59635970e+04
1,5,2346,4.73439409e+04
1,5,2371,4.87556997e+04
1,5,2396,5.01993568e+04
1,5,2400,5.04333300e+04
2,1,296,2.86093849e+02
2,1,321,3.17926586e+02
2,1,346,3.52070387e+02
2,1,371,3.88731747e+02
2,1,396,4.28113754e+02
2,1,421,4.70419210e+02
2,1,446,5.15852792e+02
2,1,471,5.64622708e+02
2,1,496,6.16942217e+02
2,1,521,6.73030613e+02
2,1,546,7.33113914e+02
2,1,571,7.97425979e+02
2,1,596,8.66208338e+02
2,1,621,9.39711376e+02
2,1,646,1.01819394e+03
2,1,671,1.10192543e+03
2,1,696,1.19118190e+03
2,1,721,1.28625315e+03
2,1,746,1.38743631e+03
2,1,771,1.49503831e+03
2,1,796,1.60938010e+03
2,1,821,1.73078930e+03
2,1,846,1.85960637e+03
2,1,871,1.99618363e+03
2,1,896,2.14088340e+03
2,1,921,2.29408085e+03
2,1,946,2.45616101e+03
2,1,971,2.62752281e+03
2,1,996,2.80857664e+03
2,1,1021,2.99974532e+03
2,1,1046,3.20146330e+03
2,1,1071,3.41417955e+03
2,1,1096,3.63835416e+03
2,1,1121,3.87446142e+03
2,1,1146,4.12298779e+03
2,1,1171,4.38443547e+03
2,1,1196,4.65931862e+03
2,1,1221,4.94816467e+03
2,1,1246,5.25151574e+03
2,1,1271,5.56992881e+03
2,1,1296,5.90397432e+03
2,1,1321,6.25423835e+03
2,1,1346,6.62131963e+03
2,1,1371,7.00583314e+03
2,1,1396,7.40840975e+03
2,1,1421,7.82969272e+03
2,1,1446,8.27034458e+03
2,1,1471,8.73103826e+03
2,1,1496,9.21246790e+03
2,1,1521,9.71533847e+03
2,1,1546,1.02403792e+04
2,1,1571,1.07883162e+04
2,1,1596,1.13599158e+04
2,1,1621,1.19559407e+04
2,1,1646,1.25771946e+04
2,1,1671,1.32244702e+04
2,1,1696,1.38985828e+04
2,1,1721,1.46003847e+04
2,1,1746,1.53307298e+04
2,1,1771,1.60904759e+04
2,1,1796,1.68805376e+04
2,1,1821,1.77018010e+04
2,1,1846,1.85551935e+04
2,1,1871,1.94416653e+04
2,1,1896,2.03621663e+04
2,1,1921,2.13176851e+04
2,1,1946,2.23092054e+04
2,1,1971,2.33377552e+04
2,1,1996,2.44043518e+04
2,1,2021,2.55100519e+04
2,1,2046,2.66559203e+04
2,1,2071,2.78430510e+04
2,1,2096,2.90725482e+04
2,1,2121,3.03455281e+04
2,1,2146,3.16631320e+04
2,1,2171,3.30265199e+04
2,1,2196,3.44368837e+04
2,1,2221,3.58954207e+04
2,1,2246,3.74033289e+04
2,1,2271,3.89618595e+04
2,1,2296,4.05722657e+04
2,1,2321,4.22358292e+04
2,1,2346,4.39538279e+04
2,1,2371,4.57275777e+04
2,1,2396,4.75584182e+04
2,1,2400,4.78567400e+04
2,2,296,5.76643884e+02
2,2,321,6.41795001e+02
2,2,346,7.11811040e+02
2,2,371,7.87116115e+02
2,2,396,8.68129926e+02
2,2,421,9.55273786e+02
2,2,446,1.04897496e+03
2,2,471,1.14967069e+03
2,2,496,1.25780850e+03
2,2,521,1.37385146e+03
2,2,546,1.49827963e+03
2,2,571,1.63158608e+03
2,2,596,1.77428432e+03
2,2,621,1.92690734e+03
2,2,646,2.09000562e+03
2,2,671,2.26415025e+03
2,2,696,2.44993386e+03
2,2,721,2.64797053e+03
2,2,746,2.85889373e+03
2,2,771,3.08336226e+03
2,2,796,3.32205614e+03
2,2,821,3.57567954e+03
2,2,846,3.84495761e+03
2,2,871,4.13064308e+03
2,2,896,4.43351222e+03
2,2,921,4.75436466e+03
2,2,946,5.09402618e+03
2,2,971,5.45334934e+03
2,2,996,5.83321257e+03
2,2,1021,6.23452068e+03
2,2,1046,6.65820506e+03
2,2,1071,7.10522519e+03
2,2,1096,7.57656943e+03
2,2,1121,8.07325182e+03
2,2,1146,8.59631841e+03
2,2,1171,9.14684182e+03
2,2,1196,9.72592409e+03
2,2,1221,1.03346957e+04
2,2,1246,1.09743334e+04
2,2,1271,1.16460176e+04
2,2,1296,1.23509672e+04
2,2,1321,1.30904581e+04
2,2,1346,1.38657662e+04
2,2,1371,1.46782078e+04
2,2,1396,1.55291472e+04
2,2,1421,1.64199656e+04
2,2,1446,1.73520759e+04
2,2,1471,1.83269342e+04
2,2,1496,1.93460278e+04
2,2,1521,2.04108813e+04
2,2,1546,2.15230384e+04
2,2,1571,2.26840919e+04
2,2,1596,2.38956768e+04
2,2,1621,2.51594429e+04
2,2,1646,2.64770814e+04
2,2,1671,2.78503397e+04
2,2,1696,2.92809662e+04
2,2,1721,3.07707820e+04
2,2,1746,3.23216275e+04
2,2,1771,3.39353615e+04
2,2,1796,3.56139270e+04
2,2,1821,3.73592603e+04
2,2,1846,3.91733596e+04
2,2,1871,4.10582506e+04
2,2,1896,4.30160078e+04
2,2,1921,4.50487342e+04
2,2,1946,4.71585670e+04
2,2,1971,4.93476962e+04
2,2,1996,5.16183567e+04
2,2,2021,5.39727955e+04
2,2,2046,5.64133273e+04
2,2,2071,5.89422863e+04
2,2,2096,6.15620568e+04
2,2,2121,6.42750722e+04
2,2,2146,6.70837854e+04
2,2,2171,6.99907035e+04
2,2,2196,7.29983734e+04
2,2,2221,7.61093769e+04
2,2,2246,7.93263461e+04
2,2,2271,8.26519435e+04
2,2,2296,8.60888745e+04
2,2,2321,8.96399064e+04
2,2,2346,9.33078091e+04
2,2,2371,9.70954285e+04
2,2,2396,1.01005630e+05
2,2,2400,1.01642800e+05
2,3,296,6.07807768e+02
2,3,321,6.75818355e+02
2,3,346,7.48848297e+02
2,3,371,8.27348416e+02
2,3,396,9.11762938e+02
2,3,421,1.00253554e+03
2,3,446,1.10011459e+03
2,3,471,1.20495595e+03
2,3,496,1.31752902e+03
2,3,521,1.43831322e+03
2,3,546,1.56780522e+03
2,3,571,1.70651816e+03
2,3,596,1.85498418e+03
2,3,621,2.01375161e+03
2,3,646,2.18339046e+03
2,3,671,2.36449171e+03
2,3,696,2.55766662e+03
2,3,721,2.76354738e+03
2,3,746,2.98279038e+03
2,3,771,3.21607361e+03
2,3,796,3.46409881e+03
2,3,821,3.72759197e+03
2,3,846,4.00730118e+03
2,3,871,4.30400321e+03
2,3,896,4.61849603e+03
2,3,921,4.95160546e+03
2,3,946,5.30418363e+03
2,3,971,5.67710781e+03
2,3,996,6.07128286e+03
2,3,1021,6.48764023e+03
2,3,1046,6.92714141e+03
2,3,1071,7.39077325e+03
2,3,1096,7.87955244e+03
2,3,1121,8.39452515e+03
2,3,1146,8.93676487e+03
2,3,1171,9.50737739e+03
2,3,1196,1.01074959e+04
2,3,1221,1.07382856e+04
2,3,1246,1.14009474e+04
2,3,1271,1.20967007e+04
2,3,1296,1.28268022e+04
2,3,1321,1.35925507e+04
2,3,1346,1.43952653e+04
2,3,1371,1.52362951e+04
2,3,1396,1.61170326e+04
2,3,1421,1.70389024e+04
2,3,1446,1.80033494e+04
2,3,1471,1.90118557e+04
2,3,1496,2.00659520e+04
2,3,1521,2.11671841e+04
2,3,1546,2.23171382e+04
2,3,1571,2.35174392e+04
2,3,1596,2.47697439e+04
2,3,1621,2.60757418e+04
2,3,1646,2.74371393e+04
2,3,1671,2.88557021e+04
2,3,1696,3.03332224e+04
2,3,1721,3.18715219e+04
2,3,1746,3.34724443e+04
2,3,1771,3.51378904e+04
2,3,1796,3.68697633e+04
2,3,1821,3.86700388e+04
2,3,1846,4.05406811e+04
2,3,1871,4.24837074e+04
2,3,1896,4.45011699e+04
2,3,1921,4.65951344e+04
2,3,1946,4.87677109e+04
2,3,1971,5.10210297e+04
2,3,1996,5.33572374e+04
2,3,2021,5.57785225e+04
2,3,2046,5.82871082e+04
2,3,2071,6.08852214e+04
2,3,2096,6.35751111e+04
2,3,2121,6.63590726e+04
2,3,2146,6.92393904e+04
2,3,2171,7.22184049e+04
2,3,2196,7.52984398e+04
2,3,2221,7.84818617e+04
2,3,2246,8.17710366e+04
2,3,2271,8.51683695e+04
2,3,2296,8.86762408e+04
2,3,2321,9.22970726e+04
2,3,2346,9.60332852e+04
2,3,2371,9.98873253e+04
2,3,2396,1.03861601e+05
2,3,2400,1.04508800e+05
2,4,296,3.54261218e+03
2,4,321,3.93795092e+03
2,4,346,4.36223929e+03
2,4,371,4.81806886e+03
2,4,396,5.30799316e+03
2,4,421,5.83456253e+03
2,4,446,6.40035207e+03
2,4,471,7.00798295e+03
2,4,496,7.66013964e+03
2,4,521,8.35958313e+03
2,4,546,9.10916228e+03
2,4,571,9.91182181e+03
2,4,596,1.07706054e+04
2,4,621,1.16886713e+04
2,4,646,1.26692754e+04
2,4,671,1.37158204e+04
2,4,696,1.48317886e+04
2,4,721,1.60208309e+04
2,4,746,1.72866929e+04
2,4,771,1.86332620e+04
2,4,796,2.00645561e+04
2,4,821,2.15847371e+04
2,4,846,2.31980901e+04
2,4,871,2.49090698e+04
2,4,896,2.67222444e+04
2,4,921,2.86423375e+04
2,4,946,3.06742275e+04
2,4,971,3.28229465e+04
2,4,996,3.50936758e+04
2,4,1021,3.74917566e+04
2,4,1046,4.00226615e+04
2,4,1071,4.26920776e+04
2,4,1096,4.55058038e+04
2,4,1121,4.84698330e+04
2,4,1146,5.15903118e+04
2,4,1171,5.48735770e+04
2,4,1196,5.83261217e+04
2,4,1221,6.19546026e+04
2,4,1246,6.57658771e+04
2,4,1271,6.97669676e+04
2,4,1296,7.39650881e+04
2,4,1321,7.83676092e+04
2,4,1346,8.29821034e+04
2,4,1371,8.78163478e+04
2,4,1396,9.28782649e+04
2,4,1421,9.81760000e+04
2,4,1446,1.03717876e+05
2,4,1471,1.09512341e+05
2,4,1496,1.15568281e+05
2,4,1521,1.21894444e+05
2,4,1546,1.28499886e+05
2,4,1571,1.35394028e+05
2,4,1596,1.42586234e+05
2,4,1621,1.50086234e+05
2,4,1646,1.57903929e+05
2,4,1671,1.66049430e+05
2,4,1696,1.74532799e+05
2,4,1721,1.83364595e+05
2,4,1746,1.92555525e+05
2,4,1771,2.02116277e+05
2,4,1796,2.12058039e+05
2,4,1821,2.22391817e+05
2,4,1846,2.33129102e+05
2,4,1871,2.44281409e+05
2,4,1896,2.55860439e+05
2,4,1921,2.67878184e+05
2,4,1946,2.80346703e+05
2,4,1971,2.93278100e+05
2,4,1996,3.06684857e+05
2,4,2021,3.20579514e+05
2,4,2046,3.34974831e+05
2,4,2071,3.49883469e+05
2,4,2096,3.65318547e+05
2,4,2121,3.81293102e+05
2,4,2146,3.97820257e+05
2,4,2171,4.14913467e+05
2,4,2196,4.32586162e+05
2,4,2221,4.50851791e+05
2,4,2246,4.69724113e+05
2,4,2271,4.89216794e+05
2,4,2296,5.09343564e+05
2,4,2321,5.30118405e+05
2,4,2346,5.51555157e+05
2,4,2371,5.73667762e+05
2,4,2396,5.96470350e+05
2,4,2400,6.00183700e+05
2,5,296,1.22546199e+03
2,5,321,1.36473986e+03
2,5,346,1.51458834e+03
2,5,371,1.67593310e+03
2,5,396,1.84969434e+03
2,5,421,2.03679487e+03
2,5,446,2.23817217e+03
2,5,471,2.45478527e+03
2,5,496,2.68761862e+03
2,5,521,2.93768983e+03
2,5,546,3.20604890e+03
2,5,571,3.49378657e+03
2,5,596,3.80203050e+03
2,5,621,4.13195007e+03
2,5,646,4.48475968e+03
2,5,671,4.86171706e+03
2,5,696,5.26412536e+03
2,5,721,5.69333645e+03
2,5,746,6.15075134e+03
2,5,771,6.63781664e+03
2,5,796,7.15603436e+03
2,5,821,7.70695354e+03
2,5,846,8.29217946e+03
2,5,871,8.91336833e+03
2,5,896,9.57223206e+03
2,5,921,1.02705416e+04
2,5,946,1.10101066e+04
2,5,971,1.17928217e+04
2,5,996,1.26206270e+04
2,5,1021,1.34955149e+04
2,5,1046,1.44195327e+04
2,5,1071,1.53948134e+04
2,5,1096,1.64235354e+04
2,5,1121,1.75079437e+04
2,5,1146,1.86503386e+04
2,5,1171,1.98530899e+04
2,5,1196,2.11186458e+04
2,5,1221,2.24494894e+04
2,5,1246,2.38482015e+04
2,5,1271,2.53174260e+04
2,5,1296,2.68598445e+04
2,5,1321,2.84782400e+04
2,5,1346,3.01754666e+04
2,5,1371,3.19544250e+04
2,5,1396,3.38180943e+04
2,5,1421,3.57695318e+04
2,5,1446,3.78118795e+04
2,5,1471,3.99483145e+04
2,5,1496,4.21821162e+04
2,5,1521,4.45166266e+04
2,5,1546,4.69552698e+04
2,5,1571,4.95015206e+04
2,5,1596,5.21589597e+04
2,5,1621,5.49312106e+04
2,5,1646,5.78219962e+04
2,5,1671,6.08350806e+04
2,5,1696,6.39743382e+04
2,5,1721,6.72436916e+04
2,5,1746,7.06471334e+04
2,5,1771,7.41887390e+04
2,5,1796,7.78726590e+04
2,5,1821,8.17030940e+04
2,5,1846,8.56843189e+04
2,5,1871,8.98206987e+04
2,5,1896,9.41166350e+04
2,5,1921,9.85766023e+04
2,5,1946,1.03205181e+05
2,5,1971,1.08006854e+05
2,5,1996,1.12986454e+05
2,5,2021,1.18148554e+05
2,5,2046,1.23498094e+05
2,5,2071,1.29039718e+05
2,5,2096,1.34778402e+05
2,5,2121,1.40719168e+05
2,5,2146,1.46866818e+05
2,5,2171,1.53226424e+05
2,5,2196,1.59803158e+05
2,5,2221,1.66601980e+05
2,5,2246,1.73628074e+05
2,5,2271,1.80886766e+05
2,5,2296,1.88382977e+05
2,5,2321,1.96122190e+05
2,5,2346,2.04109458e+05
2,5,2371,2.12350162e+05
2,5,2396,2.20849634e+05
2,5,2400,2.22233900e+05
2,6,296,7.14131958e+03
2,6,321,7.95065062e+03
2,6,346,8.82092593e+03
2,6,371,9.75747715e+03
2,6,396,1.07655808e+04
2,6,421,1.18505407e+04
2,6,446,1.30177345e+04
2,6,471,1.42726619e+04
2,6,496,1.56209882e+04
2,6,521,1.70685324e+04
2,6,546,1.86213304e+04
2,6,571,2.02856227e+04
2,6,596,2.20678757e+04
2,6,621,2.39747977e+04
2,6,646,2.60133478e+04
2,6,671,2.81907339e+04
2,6,696,3.05144186e+04
2,6,721,3.29921470e+04
2,6,746,3.56319413e+04
2,6,771,3.84420938e+04
2,6,796,4.14311963e+04
2,6,821,4.46081283e+04
2,6,846,4.79820766e+04
2,6,871,5.15625140e+04
2,6,896,5.53592594e+04
2,6,921,5.93824027e+04
2,6,946,6.36423984e+04
2,6,971,6.81499960e+04
2,6,996,7.29162937e+04
2,6,1021,7.79527302e+04
2,6,1046,8.32710710e+04
2,6,1071,8.88834463e+04
2,6,1096,9.48023334e+04
2,6,1121,1.01040524e+05
2,6,1146,1.07611320e+05
2,6,1171,1.14528195e+05
2,6,1196,1.21805140e+05
2,6,1221,1.29456419e+05
2,6,1246,1.37496711e+05
2,6,1271,1.45941136e+05
2,6,1296,1.54805270e+05
2,6,1321,1.64104753e+05
2,6,1346,1.73856074e+05
2,6,1371,1.84075793e+05
2,6,1396,1.94780947e+05
2,6,1421,2.05989103e+05
2,6,1446,2.17718178e+05
2,6,1471,2.29986409e+05
2,6,1496,2.42812471e+05
2,6,1521,2.56215650e+05
2,6,1546,2.70215435e+05
2,6,1571,2.84831850e+05
2,6,1596,3.00085176e+05
2,6,1621,3.15996444e+05
2,6,1646,3.32586774e+05
2,6,1671,3.49877877e+05
2,6,1696,3.67891882e+05
2,6,1721,3.86651169e+05
2,6,1746,4.06178834e+05
2,6,1771,4.26498069e+05
2,6,1796,4.47632776e+05
2,6,1821,4.69606889e+05
2,6,1846,4.92445061e+05
2,6,1871,5.16172267e+05
2,6,1896,5.40813703e+05
2,6,1921,5.66395133e+05
2,6,1946,5.92942602e+05
2,6,1971,6.20482380e+05
2,6,1996,6.49041408e+05
2,6,2021,6.78646649e+05
2,6,2046,7.09325568e+05
2,6,2071,7.41105806e+05
2,6,2096,7.74015492e+05
2,6,2121,8.08082777e+05
2,6,2146,8.43336409e+05
2,6,2171,8.79805038e+05
2,6,2196,9.17517866e+05
2,6,2221,9.56504074e+05
2,6,2246,9.96793022e+05
2,6,2271,1.03841487e+06
2,6,2296,1.08139903e+06
2,6,2321,1.12577614e+06
2,6,2346,1.17157576e+06
2,6,2371,1.21882831e+06
2,6,2396,1.26756355e+06
2,6,2400,1.27550100e+06
2,7,296,3.23423908e+02
2,7,321,3.59830791e+02
2,7,346,3.98970567e+02
2,7,371,4.41090040e+02
2,7,396,4.86432238e+02
2,7,421,5.35240655e+02
2,7,446,5.87761173e+02
2,7,471,6.44244520e+02
2,7,496,7.04947727e+02
2,7,521,7.70135195e+02
2,7,546,8.40080093e+02
2,7,571,9.15064682e+02
2,7,596,9.95381434e+02
2,7,621,1.08133313e+03
2,7,646,1.17323353e+03
2,7,671,1.27140866e+03
2,7,696,1.37619373e+03
2,7,721,1.48794002e+03
2,7,746,1.60700843e+03
2,7,771,1.73377310e+03
2,7,796,1.86862075e+03
2,7,821,2.01195231e+03
2,7,846,2.16418282e+03
2,7,871,2.32573875e+03
2,7,896,2.49706152e+03
2,7,921,2.67860894e+03
2,7,946,2.87084987e+03
2,7,971,3.07426963e+03
2,7,996,3.28936810e+03
2,7,1021,3.51666145e+03
2,7,1046,3.75667992e+03
2,7,1071,4.00996836e+03
2,7,1096,4.27709047e+03
2,7,1121,4.55862241e+03
2,7,1146,4.85515997e+03
2,7,1171,5.16731178e+03
2,7,1196,5.49570654e+03
2,7,1221,5.84098666e+03
2,7,1246,6.20381411e+03
2,7,1271,6.58486565e+03
2,7,1296,6.98483743e+03
2,7,1321,7.40444224e+03
2,7,1346,7.84440946e+03
2,7,1371,8.30548807e+03
2,7,1396,8.78844554e+03
2,7,1421,9.29406392e+03
2,7,1446,9.82314814e+03
2,7,1471,1.03765216e+04
2,7,1496,1.09550131e+04
2,7,1521,1.15594990e+04
2,7,1546,1.21908416e+04
2,7,1571,1.28499386e+04
2,7,1596,1.35377222e+04
2,7,1621,1.42551154e+04
2,7,1646,1.50030675e+04
2,7,1671,1.57825580e+04
2,7,1696,1.65945886e+04
2,7,1721,1.74401694e+04
2,7,1746,1.83203269e+04
2,7,1771,1.92361188e+04
2,7,1796,2.01886228e+04
2,7,1821,2.11789318e+04
2,7,1846,2.22081663e+04
2,7,1871,2.32774453e+04
2,7,1896,2.43879493e+04
2,7,1921,2.55408343e+04
2,7,1946,2.67373104e+04
2,7,1971,2.79785874e+04
2,7,1996,2.92659186e+04
2,7,2021,3.06005502e+04
2,7,2046,3.19837767e+04
2,7,2071,3.34168994e+04
2,7,2096,3.49012330e+04
2,7,2121,3.64381417e+04
2,7,2146,3.80289769e+04
2,7,2171,3.96751365e+04
2,7,2196,4.13780257e+04
2,7,2221,4.31390877e+04
2,7,2246,4.49597692e+04
2,7,2271,4.68415531e+04
2,7,2296,4.87859296e+04
2,7,2321,5.07944303e+04
2,7,2346,5.28685776e+04
2,7,2371,5.50099552e+04
2,7,2396,5.72201476e+04
2,7,2400,5.75802700e+04
